{"id":1,"name":"Javier Herrera","email":"jh@dh.com","pass":"$2y$10$2SjY2LJ29nLXsGCpEVZ9Ze\/eAFS\/kjWvR1Y0sxqVRbmPSy0u4n7bi","pais":"Argentina","foto":"img\/jh@dh.com.jpg"}
{"id":2,"name":"Juana De Arco","email":"juana@email.com","pass":"$2y$10$frBzvwOSCsQqQeARyH\/R8uMgJ1dc5w7bxFlOZMhwx.fmoRy.AaSRS","pais":"Argentina","foto":"img\/juana@email.com.jpg"}
{"id":3,"name":"Oscar","email":"osk@dh.com","pass":"$2y$10$1EYAiEzUm9258ZcwsWNYhuWAb05\/UVzODRMzHEaUfgQCmpR1OGzWy","pais":"Argentina","foto":"img\/osk@dh.com.png"}
{"id":4,"name":"Javi Her","email":"jh@gmail.com","pass":"$2y$10$zfYVPXYY0B3\/P3KX9BrVWez\/ACumNNXD19CQGDm3hwX75AeDtQpyq","pais":"Colombia","foto":"img\/jh@gmail.com.jpg"}
